Ъзвє,ИпЕївѕЦН,,,,Щ§ЕїбєЦН,,,,ЕЭЕїЩЯЩљ,,,,НЕЕїШЅЩљ,,,
,ЮД,рц,Юи,гѕ,ЮД,рц,Юи,гѕ,ЮД,рц,Юи,гѕ,ЮД,рц,Юи,гѕ
,,??,,,,??,,,,??,,,,??,,
??,,????,,,,????,,,,????,,,,????,,
??,,????,,,,????,,,,????,,,,????,,
??,,????,,,,????,,,,????,,,,????,,
??,,,,,,,,,,,,,,,,
??,,????,,,,????,,,,????,,,,????,,
??,,????,,,,????,,,,????,,,,????,,
??,,????,,,,????,,,,????,,,,????,,
??,,,,,,????,,,,????,,,,????,,
??,,,,,,????,,,,????,,,,????,,
??,,,,,,,,,,,,,,,,
??,,,,,,,,,,,,,,,,
??,,,,,,,,,,,,,,,,
??,,????,,,,????,,,,????,,,,????,,
??,,????,,,,????,,,,????,,,,????,,
??,,????,,,,????,,,,????,,,,????,,
??,,,,,,,,,,,,,,,,
??,,,,,,,,,,,,,,,,
??,,,,,,,,,,,,,,,,
??,,,,,,,,,,,,,,,,
??,,,,,,,,,,,,,,,,
??,,,,,,,,,,,,,,,,
??,,,,,,,,,,,,,,,,
